temperatura_interna_celsius,temperatura_externa_celsius,integridade_estrutural,niveis_energia_percentual,pressao_tanques_psi,status_modulos_criticos
23.33094497207684,-143.60066911083388,1,64.29757509353043,138.50351643457248,Normal
21.560128937612582,19.598358476639362,1,71.9829913059437,117.55059997032355,Atenção
22.84877899570211,75.98314023691668,1,56.171440003794224,65.69063672367793,Normal
21.251944809014642,-23.568205654009176,1,7.734865261109414,141.57940526312882,Crítico
21.992811820819547,-81.67961528635428,1,13.03617440274294,148.6284344059618,Normal
21.02655618064751,-50.38729240092401,1,10.31712950586442,151.9505937589726,Atenção
22.34024589091404,-90.05352866898573,1,37.699577409688786,129.7419195675449,Normal
20.002069213461017,-110.79655436377996,1,84.23426050909013,134.11825632272286,Normal
22.165425845591468,-31.01345553496334,1,33.42858135872443,125.05942570471915,Normal
23.54422584238543,103.05532499226021,1,1.715363416523752,136.75247771067234,Normal
23.654112561924602,-93.48295098647587,0,49.140317942415926,95.46502219962537,Normal
21.48446720873347,35.639983557638544,0,76.3431722366827,96.97358276542616,Normal
22.0400495674809,-80.50469579562531,1,44.59958927214106,143.13784357623678,Atenção
22.84608397950572,80.35566200562468,1,21.09525564675051,165.16188307998848,Crítico
22.076367473147734,102.33413485592192,1,53.19155988523762,178.84908587246898,Crítico
22.076992484987397,-98.82902434633172,1,52.103229566728515,179.18278261129126,Normal
23.332480079161616,68.0724057713405,1,94.3662057742797,87.92613791521845,Atenção
21.823652509254426,57.22651072353304,1,46.92941313516695,52.066958391596984,Normal
24.848418088869696,100.98812385693202,0,23.968540879560287,105.02206145802045,Normal
22.400316590015468,-49.03417070973502,1,50.42659399648692,89.2524196699319,Normal
21.90416998853566,20.25593564835856,1,36.6768923413515,60.16254564890511,Atenção
24.301315209106626,21.61830818547827,1,44.116561429885216,121.33894321454737,Normal
21.837978388736197,22.0637435251474,1,16.7096424164897,181.78010981567812,Normal
23.94005044735577,94.88040570674181,1,26.68147160256005,108.15464594954943,Normal
22.354614951992616,-58.113936780425576,0,5.010690623340208,147.7888586357551,Normal
22.895650118616153,-69.97159311332135,1,7.9242989329229685,139.2477801919829,Normal
24.8685853910911,36.342997779137306,1,29.98848957921705,184.11760222129504,Normal
24.447581286642578,85.93852329777869,0,91.22277864192668,111.31051624012491,Atenção
20.073534228849265,83.76213496422454,1,73.41577582918045,71.05216777308844,Normal
21.451235361589397,99.6067589378552,1,22.79657935105437,80.03398049468981,Atenção
24.239764560460216,46.97231224227744,1,89.22375398482988,164.07638577816243,Normal
22.60289967819699,-31.115346693054164,0,47.03064201570801,55.06661164540199,Normal
20.19686718083771,92.70924228304733,0,78.10857871969424,118.70851886371584,Normal
23.10336037389265,98.74632523592456,1,24.737640622978464,80.21652920761716,Normal
20.915034334621353,-116.69561467672574,0,5.27995875353432,109.62435494333138,Atenção
21.63502397197023,82.48036466596378,1,57.9602643907694,122.72617203484438,Atenção
23.345250216307885,-94.73465397419822,1,75.72688885049644,78.30427828586866,Normal
21.680915832493085,115.76856915424361,1,43.70369841377521,70.44922959367639,Normal
21.26177342431249,-30.032327549985112,1,18.542506990028308,106.68917072154615,Normal
22.452144049488098,-142.42669028071396,0,43.75241908315557,150.54710949381868,Atenção
23.92724516514582,-52.036861207401174,0,52.643128027967734,112.12422102956592,Crítico
23.198300679357395,-139.19748713611148,1,26.872550418849517,95.77784505200958,Normal
24.823956347787657,-101.27542849216259,1,99.20188894621904,82.388152909987,Normal
23.29515846908871,90.6638591810011,0,34.00987914510852,122.9692068458056,Normal
20.99227246519497,-29.113613722984752,1,7.227431045534171,174.72880039365728,Normal
21.084154776335854,-101.51913242356719,0,38.75705910876497,108.0404762972271,Crítico
22.193096110530934,106.2501852865247,1,42.36317465051882,166.52828838170248,Atenção
20.352760717970174,14.329257330283326,1,14.051873980782513,57.45242993321025,Normal
21.79253923061845,34.60310365961553,0,32.80793721585917,67.38692886146076,Normal
24.767117673454543,-36.792288650174825,1,36.572366437737024,179.076284459764,Normal
23.67955295545641,9.957677596061956,1,27.329597355159052,76.83603532545764,Normal
20.946369696925036,83.58808919489923,1,38.03632893258898,58.957082156771236,Normal
23.707357948970234,-148.51318334704007,1,77.42156484335409,163.71379002252036,Normal
22.35541312568722,11.030212618902084,0,35.598362645208304,147.8507388219778,Normal
24.692344348915533,-29.061006331636733,0,71.33023503761123,170.52789635449798,Atenção
22.56751328335062,94.81463783389148,1,48.431594378666965,114.53969729948597,Normal
22.65173067960459,99.07488038440508,1,58.94634846208464,123.36692457504783,Normal
22.049352413928368,109.09151300942574,1,92.36353805864599,100.29815447640846,Normal
24.36897345593825,-114.65676905929794,0,42.976085891831474,184.09735040470542,Atenção
22.678030058952164,60.4482443056589,1,80.93625153673096,125.84443014661531,Atenção
23.628587543829774,51.36423151825511,1,87.1154624915934,138.23954072854968,Normal
22.143274656993043,15.991832968052933,0,87.21847671644095,57.21781427890713,Atenção
24.36745462422291,87.09562280784598,1,66.65104727228093,155.7574129491127,Normal
24.204025380526843,-65.47170827930435,1,9.978379482329613,120.21547754436439,Atenção
24.939944466466734,-45.39608744427768,1,56.57677800065177,106.0799773682123,Normal
21.857398553848736,63.33685616669476,0,63.83997953649483,170.1344681208957,Normal
23.649456418779685,-29.075027705664738,1,92.68359226767335,154.5875879287547,Normal
20.69108569921225,-76.16390737184882,0,71.75546465001413,144.55535323516335,Normal
21.217637083844238,49.263749207861906,1,63.289497673554195,57.64173821470914,Normal
24.31690429374005,-116.70769878533915,0,46.876505645848496,83.61998068158528,Crítico
22.06060298391025,44.45067428427481,1,4.651569926025911,58.25477874169947,Normal
21.055944200792144,-42.92805673875445,0,11.267803847442071,143.94208431551914,Normal
20.116256308315407,-106.70350257065844,1,18.376054301183377,157.25895933574841,Atenção
22.37490499125966,-149.67971996590458,0,33.897372790076794,95.74520368152025,Normal
23.430651433343602,-8.18339048436215,1,5.512461085160103,63.964708621747384,Normal
23.177788197220345,-38.763615648094984,0,1.490502499863422,103.35036972971135,Normal
23.97441946210607,68.31812957181316,1,27.884505930048142,183.48780966912813,Normal
20.83977292579422,-38.31571233754016,0,11.57839666058631,70.84252916152357,Atenção
21.121431566665358,87.36582036725821,0,67.13005850769838,148.38972654627327,Normal
21.2562776119163,-128.09339199355583,0,60.761570607319534,115.29771152527947,Normal
23.663094258646193,-124.40154567563488,1,99.50322747914657,116.38100752181575,Atenção
23.754911431134875,-45.9928014010554,0,51.21029235728371,81.05752530889707,Atenção
22.255451455746453,-113.97554764814755,0,81.58992143506374,58.019608091558304,Normal
24.335953989876895,18.250745148409237,1,58.566816634819475,97.14498992071864,Normal
24.118415613178477,-49.075665139453506,1,37.099465879587434,139.74825357610075,Normal
23.634584799835846,-10.469269722663114,1,18.543510116349083,76.93460397044686,Normal
24.901971529935174,-56.316894834933024,1,64.79641361316035,74.36569193651431,Atenção
20.242680569238395,-53.809569787134635,1,24.431353683647206,154.9148704748929,Atenção
22.53154190856639,-133.44284992755692,0,74.28496040435711,184.18762347960885,Normal
20.284573895229325,-25.971059502245538,1,81.83234464804087,119.85208919039265,Atenção
23.824409259607727,15.485837281041825,1,94.38636268289261,166.45823537363086,Normal
20.053322391449793,37.54768363198474,1,28.58399907551035,148.51193082454904,Atenção
20.806197691495065,83.39050161068843,1,97.39538283980546,158.5796026052256,Normal
22.11519647318552,21.58925696012639,0,60.645754663476396,92.72473424175368,Crítico
24.590528642973418,-35.67865179272614,1,37.003096383693745,130.9731328421443,Atenção
21.906055609588794,-60.54292507580341,1,93.57409516753309,141.74042311554194,Normal
23.39909781721181,-9.455066910231977,1,76.21185051984001,77.89996399338055,Normal
20.23200537611799,-23.524203604744386,1,40.590956664375256,94.53150484743549,Normal
23.905159463472827,-110.01344620464579,1,23.27794693694143,77.77307115649998,Atenção
20.26983400279551,-139.62038399120286,1,56.67635005344805,113.32896040312102,Normal
23.972376063953636,-126.87719187129119,1,88.83271990843667,62.986141654598654,Atenção
22.793226397089928,-77.09445382446694,1,85.0899450435208,128.1611282123841,Normal
22.942595123292698,-138.30655776947486,1,37.489030588579,97.9430293032847,Normal
21.073437704123684,77.52380207323571,1,87.27304903987154,115.41707432117515,Normal
24.985218633067912,38.22319468635271,1,99.79081919316972,154.8350140012916,Normal
21.070324721497926,-136.03343102094985,1,40.42870560231396,168.31895314355688,Atenção
21.067264303474257,56.942106403400146,1,45.73889865165209,114.67174401112912,Normal
24.87774550924926,-98.5830906621206,0,84.64769087635715,143.9293864209317,Atenção
22.132058239569602,48.19761888258023,1,50.322541556485746,53.94248919003922,Atenção
24.86628196664698,11.958507402387795,0,81.20673761648885,154.15565196508496,Normal
21.768974926608394,-89.22278440951433,1,57.39265544149779,63.85860974367,Normal
22.149422962018434,-38.99010021814878,0,42.86466210113857,99.14436205057365,Atenção
20.687943272715554,-102.61270074097786,1,41.13629038227854,89.0735299149759,Normal
20.867524564393616,-114.50426730649875,0,94.88057822227492,131.57822400110842,Normal
21.889013230362547,-47.95646712512904,0,84.75060513794215,90.10567209944963,Atenção
20.95675041898472,-21.908883164450828,0,23.331440038007266,180.94012063832614,Normal
21.626388773620604,-85.34757878274696,0,35.67748618878841,165.10522053735173,Normal
20.232094384892132,-19.79948501344043,1,39.33269412594703,113.1775008628976,Normal
20.09231069954654,-141.31118557106268,1,33.427076955665434,70.33284072510303,Crítico
22.83466150225314,-27.042668041219414,1,88.24045651137423,92.23180052803353,Normal
24.36293871614162,-90.04115155625453,0,30.46767193986849,70.85281740015759,Normal
23.803753349946298,-73.28514601201445,0,83.02790253671378,159.76494393895584,Normal
20.348779503041364,-1.7035577375239086,1,56.06423038987646,76.72617019004859,Normal
22.404809973345426,-1.5186179327982359,1,86.88670623595874,137.37689892011412,Normal
20.54668634856342,-93.171766964905,1,14.02008396388138,51.973080715763246,Normal
21.67002788723375,-35.45168320633505,1,49.913248292219016,169.15470502801676,Normal
23.943558950617764,118.3575595974313,1,85.98099770614832,60.91135027038168,Normal
20.328766274392024,-56.99845415867006,1,67.95882889994304,136.74165864897262,Normal
21.117423089921616,37.39903820664162,1,96.63330195303112,76.73260747568229,Normal
24.598984842048736,-30.45057279723767,1,29.462228546422086,138.2830314551449,Normal
20.345660466997856,46.94053364043447,0,23.88026116446136,59.52389922703601,Normal
23.69221857055195,0.11111572489667765,1,5.603299472098255,66.78656536518926,Normal
22.08029269655647,62.65287532321054,0,71.81850352928991,163.32332415119373,Atenção
20.862031582337558,33.53229524227288,1,99.49896777298696,141.78996123635957,Atenção
21.962654101278183,8.986791005790337,1,15.44994375429466,64.3363674882869,Normal
21.322488759573762,61.64189391482242,1,40.66646983052944,143.45655769878834,Atenção
21.407427771424132,-11.791755418702621,1,98.77497385579449,137.05672276923212,Normal
23.30036374891705,-78.72459337186083,1,73.375785253692,58.06351604222671,Atenção
23.781540016023737,-119.50307340025043,0,4.811839597775025,144.87371579538336,Normal
24.125786699027074,-59.660567205374036,0,97.56992679160659,121.63201967353221,Normal
21.89766414827264,112.14098296703702,0,3.606682475032341,166.11606448758403,Normal
24.215777022709723,24.284521916465224,1,76.37546092520023,74.16055002088835,Normal
20.742879848557322,69.19823515190143,1,93.13085945457948,130.63891548104732,Atenção
23.453160658939822,-86.05291690423043,1,79.65729190966911,51.217326618177204,Atenção
22.80945764307678,-60.211800031350776,1,99.10245410104567,69.72856411259238,Atenção
23.87694558984981,28.91999745677171,1,14.18125872868089,71.08988576435962,Normal
23.038514757196925,47.502294032024764,1,3.3821749586012695,86.12819885406103,Atenção
21.051437303019902,-143.45074989709124,1,11.698719273238789,61.193131513610034,Normal
23.573678165053355,-105.97024011723265,1,92.0754122065823,89.61400056024712,Crítico
20.876266468913077,-128.56032147449088,0,48.21312975833697,152.67032251384842,Normal
22.3839987309348,83.7094799531555,1,39.33303976713191,69.45818154836095,Normal
20.567559586523792,-66.27641884929686,1,8.462830733140226,68.79300021053042,Normal
24.127084033984506,-45.615676592256634,1,31.069016415518934,120.17485411421633,Normal
21.49135704569786,-133.45614920989917,1,37.47298037559417,161.81280216388893,Normal
20.5630600144133,43.40993098951361,1,1.7663810308814587,139.14463167681097,Normal
22.804888768494486,-61.702132069636875,1,90.69635692183144,119.40837716755144,Crítico
23.8418898897691,-3.847227085854996,0,5.550222692918005,165.4701974014111,Normal
22.70176050367205,14.861453093444453,0,61.08334212289945,116.06126599687288,Atenção
20.944593620383635,-0.5156074377705693,1,24.082913888081737,65.35003630932155,Normal
23.909329714715177,-8.60290893508369,1,2.500233788912065,115.17670442436552,Atenção
21.23964213362847,-3.8266700406916243,1,47.829850490426054,116.25180032117058,Normal
20.47625566088141,29.397371818060492,1,90.22652686721624,76.76949404836539,Normal
24.418058911961847,-4.52691415037188,1,13.247881663833494,80.13519833456138,Normal
24.1787949793952,-54.03501068250385,0,27.924516861764893,153.90492214708914,Normal
21.8478780779511,-80.12724598470955,1,86.70322423681455,131.03434343709552,Normal
22.44185905266884,-133.5763064122361,1,88.41007576063302,57.07857551541449,Atenção
23.609024603652994,19.300200797507557,1,47.62669114054708,96.72203344672518,Normal
23.581032568401817,-65.46160898482617,0,20.30108470894779,81.50889990821776,Atenção
22.248146273219145,15.821628821669236,1,5.277242212612232,110.02628306414388,Normal
21.75050744707157,74.84068639656184,0,93.63768848680253,79.67046867009444,Normal
20.660352274088225,84.515936996215,1,77.22960149397939,151.73843900181805,Normal
23.30296742223255,-57.01737483680502,1,98.29110993405006,60.86743982758202,Normal
21.765722225932315,65.42963084218786,1,96.89605381375428,109.83812683119166,Normal
22.341709572152944,18.92910107435881,0,23.142147796097667,62.42464698851333,Normal
20.672098937793812,41.3018572653269,0,73.16475857905841,127.41938995611619,Normal
20.127799112587244,-50.92208900104099,1,53.84660066125113,62.058824230992954,Normal
20.87234501157046,54.11918049958061,1,65.03255145929057,70.66863947602845,Atenção
21.21971235429438,22.76372039356798,1,8.587090726271773,121.35255729273078,Normal
20.233656234459772,-55.414312834699274,1,42.240325039134454,54.272133677677644,Normal
23.017437289357215,-130.6745022904751,0,75.27250063058602,180.8490417692529,Normal
24.43303018685723,-46.90857290457829,0,82.63216825486145,108.7237039893368,Atenção
21.643682882903875,8.49671390699362,1,22.417301237089482,134.69989922146686,Normal
21.920903162481146,-2.158105890789699,1,55.809158176240445,110.26093664099818,Normal
23.137717739789675,-103.00488109795816,0,76.797803913848,125.95172994205794,Atenção
21.68627992155032,9.560358124832078,0,74.64201557937022,156.14196511137135,Normal
23.78549789807367,-7.048214684276104,0,20.163676388589835,125.67057712609508,Normal
23.71384600507721,-141.056396498674,0,66.46753292631038,123.51042732733754,Normal
22.529516396300515,-17.754473854274067,1,56.475892299997014,143.55205853134493,Normal
24.002643793317755,-128.87328852439006,1,76.62303544306438,67.89772387143807,Normal
22.158918102430864,-35.7337197612848,1,14.75913496006196,155.36321373610923,Normal
24.184980699265274,-80.68751728103554,1,87.58181872856792,90.61284336078681,Normal
23.987175953082694,-32.143047947000085,1,27.28973783848987,163.1512519477599,Normal
21.54746976599236,-35.72759717376583,1,2.676567963695442,146.40355983390927,Normal
20.989129518821052,-73.75398524385365,1,91.36839232333465,173.8087991727707,Atenção
22.565014995059617,-87.68456050349502,1,78.55751532897611,180.49757739246695,Normal
24.951164702348336,-69.4510636766327,1,83.90452229472186,86.91740398564451,Atenção
24.944288564382568,4.7881667762472375,1,7.081825333084546,85.64296830186453,Normal
23.946015477093095,27.920323737858467,1,3.625481062860203,84.55506393570319,Normal
21.971318608180248,56.74679870915287,1,86.05615724255416,150.54865934848317,Normal
21.07400844018448,-61.908404085776596,1,46.63117268254523,164.6911731880423,Normal
21.16215501222092,33.53540817467871,1,29.247153519797497,92.85251843891729,Normal
24.270368826294764,44.27498119030844,1,86.42888142725378,117.36168589055346,Normal
21.757092008192764,-49.70293163413848,1,52.87745786263108,133.70342823855577,Normal
24.86429400868602,40.194059153373104,1,25.358020305349747,89.52511596302529,Normal
20.23104816354815,57.3082459595839,0,14.589730425481651,73.67739757546028,Normal
22.119540668928753,-86.24846492638406,1,69.15414200657534,151.65467310020404,Atenção
23.210152750330174,44.77631520344656,0,16.828117807342934,76.57989814030685,Normal
20.32583382342959,51.89828388883393,1,54.34230457667116,111.09245522405868,Normal
23.279734520494365,20.426829889224678,1,25.646702029884892,119.660476347714,Normal
20.06348798801541,-111.4754485025235,1,64.98987652648857,92.21004560775184,Normal
24.753813236926465,9.428670803634162,0,39.214900532842144,124.97456381445356,Normal
20.71204162630666,-99.01280617163006,0,77.24318389153882,180.304817127893,Normal
21.26267858305148,97.32550923817232,1,28.91376535682051,160.9723453451291,Atenção
24.778004412670775,-120.21921891860688,1,28.571858176712905,174.4775209764581,Atenção
24.8153796976125,-70.8271963806271,0,83.16056545610205,75.63057387384295,Normal
20.337508559945366,56.27955618839903,1,37.81515911233492,128.2957630910608,Normal
23.65165349427,32.55115524118128,1,45.105931788994205,101.84927555287298,Atenção
21.70099482595286,8.771282601985831,1,55.609116355331686,152.88665138668892,Normal
21.77258187488107,54.887626766958505,1,76.1408982391657,119.98480564455294,Atenção
24.592765156791735,114.52052258530449,1,18.12670054233283,71.48484031492238,Normal
24.424848664258356,-67.73019095681383,1,74.83902268333165,179.15936430331143,Normal
23.22785303250802,31.332727656385316,0,77.2993762617602,60.09873899207992,Normal
23.082484963888177,81.54599567559967,1,5.507339121555166,168.82453184734527,Normal
22.136308982369712,-81.2596600945017,0,13.427704260911321,130.7711667404292,Normal
20.76903981130989,43.32549949727718,0,14.177953962722977,123.0037650060722,Normal
20.846481565430757,-39.65358829322331,1,87.77272617175916,77.31511201731941,Normal
21.008790703332863,5.455870598497313,0,68.49527870847577,141.7668614191561,Normal
23.858187060702406,14.217778385668112,1,25.268149599474,72.80246284561099,Normal
20.365203741893747,-87.35669463543601,0,44.000494847727055,64.68271067887197,Atenção
24.25103800741335,34.8581500418845,1,87.87351023617144,159.75948069509116,Normal
24.691817736789808,-138.39257991586402,1,26.02541531048268,66.48390705755659,Normal
24.838113011083312,103.34568250934899,1,61.208592941416576,91.93408695891296,Normal
22.739348415419414,28.91649033444537,0,98.55364292556426,164.9886880099658,Normal
20.455570711682526,60.05558268330185,0,70.68197096452013,177.48160489321458,Normal
20.972223564421416,-13.203032729153875,1,49.5950259859365,50.356580388453004,Normal
24.0021459335866,58.22725178327653,1,87.12239890601961,104.23511610337927,Normal
23.260617912941157,46.03357486131529,0,50.64790004208749,69.15678589905943,Atenção
21.963518963979226,15.434374471244922,0,80.09494021391285,50.436861240106786,Atenção
23.752664194598182,-9.123284650187372,0,13.39281567402989,174.72403090388684,Normal
24.84652745763681,17.7773428834401,1,14.06444161378204,85.7901221334308,Normal
20.17515729351984,1.4993180475810846,1,55.72357322743058,157.28225108913918,Atenção
24.3203009902608,106.25084219203882,1,39.458154542875036,114.67178919887716,Normal
21.43354880333704,27.402602049801516,1,73.69764067179906,62.202402339041214,Atenção
20.041091705657063,-38.5417777759359,1,40.58816986775281,157.30755292705447,Normal
20.805223365142776,75.2606049025631,1,96.94261438043446,102.74753835651714,Normal
24.19815585430888,-115.98492131064064,0,43.29983379058425,60.111266864465016,Normal
21.23893409914046,-45.22007137800523,1,56.5208686086192,144.44663008118314,Normal
20.06887569979167,110.43732554836322,0,19.51479260888632,178.45168576166068,Normal
21.515294926714834,68.07484599358315,1,27.32400003589468,93.611762307579,Normal
24.724173592451926,106.22150868579797,1,35.05559845458893,142.49586998064788,Atenção
22.769460727427322,-145.528105657192,0,23.565119938844003,105.63346785490305,Normal
24.1365273578918,50.207399699280614,1,23.18163757341437,181.4743090112134,Normal
20.171391716042454,-7.841933140201434,1,35.15516481050789,65.59766749623667,Atenção
20.39029525444256,-29.234703040361822,0,62.29229273715981,156.13924430712603,Normal
22.462390917105562,-141.0107715109049,0,41.90618272571892,101.90947639045638,Normal
24.083611063089336,43.83111870076738,1,55.29847206879599,138.61749219668337,Crítico
23.017185051702146,89.34772881779381,1,24.95677823544371,122.80292991560016,Atenção
20.017725093972626,-24.48688805858373,1,55.01307987239785,87.94963059904543,Normal
23.11460486208791,-11.627397932704241,0,73.34904959029102,100.23533128767929,Normal
20.419584860696194,-29.030653488716183,1,28.710495432776504,184.50444486657707,Atenção
22.323257488235633,115.30543394554621,1,69.42203374021084,158.41374807415082,Normal
23.18679623958711,-64.24147407999673,1,3.7731596602766926,167.0932343812716,Crítico
23.22038822649451,57.47946427563315,0,67.63590042241283,115.23458179700235,Normal
23.22127091626683,-61.814736020473674,0,23.913643098879955,79.34067312376011,Normal
21.385860962705713,-96.47247957723808,1,8.030292023856656,91.64116740243418,Normal
21.609674671141505,-38.12652566579506,0,95.92095224347568,126.24953563134657,Normal
23.78584382111991,-24.125989378640895,0,26.396211728540475,81.3783081666616,Normal
20.89253591094952,18.250901718530116,1,28.51442724124157,106.04140853216,Normal
22.828101097402808,-132.05320209606273,0,44.42408908052937,180.7749926435235,Atenção
21.474108356240176,-100.84376732249436,1,57.068058869358694,60.1417433254753,Atenção
23.07091426616144,-74.06994568196953,0,33.57904436329141,147.20476996817268,Normal
22.230399460581552,-0.800515150894114,0,93.18970815776477,142.28408171952105,Normal
24.061085580052318,-67.81045206835435,1,5.831614122894391,127.39859590200354,Normal
24.783017288685464,-101.37790711831056,0,44.25603322494898,94.14940664972309,Normal
23.27696200596358,33.67794318718643,1,64.76689130252356,120.31632571942177,Normal
21.074349789392073,-126.82889110913493,0,52.40794788240124,85.18323103826603,Normal
22.35818044092109,6.361094577946147,0,70.25893045978556,111.91429678258613,Normal
21.942009950264314,-18.725921397763273,0,88.25263934681293,51.00761330430784,Normal
20.5120471622318,-52.71943026157116,1,84.10498416178423,102.68495331418683,Normal
21.513533593361597,-45.44498662950329,0,65.55124812897205,138.14383161807518,Normal
22.260668959111747,-99.8986121255497,1,28.586005463065035,145.09384837305302,Normal
23.68279753093847,-117.78702857190453,0,28.62344815498904,81.52777177109786,Normal
22.20594310538186,-11.264179854136898,1,40.2900796851207,154.4495698192505,Normal
24.683886451412288,44.58954446476099,1,58.425908922465865,174.62305041681256,Normal
24.77932110768647,27.91624343822241,0,48.94620876497908,148.45486977948406,Normal
23.700090694234095,33.7961906653307,0,39.9523315070525,124.12743692933988,Normal
24.96242150682393,-23.504014386492358,0,48.44745456828937,128.39697670295294,Normal
24.485714725640353,-65.73905636363222,1,53.684311808477545,52.93446549456289,Normal
24.684125725702877,62.58639999543149,0,36.40592870072232,65.65857015805874,Atenção
20.706287833491576,-51.11070407303714,1,80.19514873149845,175.35603126690827,Normal
20.68708082074117,-121.51934383893138,1,68.44172702201732,147.50832756328583,Normal
23.785129702525907,-98.21732130103337,1,31.265315309239703,177.8336583111541,Normal
20.402550826377002,-101.70857993335434,1,41.51209046835298,63.60980499372418,Normal
22.768449344388905,-36.34647715779374,0,89.68574836268276,167.3477401097074,Atenção
20.347340461635454,116.6070006591624,1,89.28863714127337,93.43003691584308,Normal
24.863986363502107,-97.15452821848875,1,58.308617300031074,66.92087537180238,Normal
20.227793535133458,27.452350284637447,1,69.21140704541811,50.48974297437337,Normal
23.295752277574127,-34.72451521526669,0,84.96644816045253,96.66013813676045,Atenção
23.91025548299652,91.53626168553765,1,70.59413871017051,107.98425343046677,Atenção
24.06928287716351,89.29675018057162,1,38.08505176753266,131.0747618732937,Normal
23.447413739752765,-19.863686268910698,1,13.982038550586962,170.67390914328763,Normal
24.800374622092164,78.38707796125405,0,30.155859935143713,88.7731974124213,Normal
24.676932433302134,-146.40280089927512,1,39.112052051695535,74.10690645453015,Normal
22.998990028659794,83.78965450654121,1,9.392904089478261,157.32996075920585,Normal
21.40054358451607,17.843102965951232,1,81.33872799684951,173.61818217467862,Normal
24.84621881996132,118.98542147616979,1,30.500002089193824,92.72020330769033,Normal
20.82820299861669,-83.81028729108996,1,54.468858622435256,164.0748123987911,Normal
22.83385490602414,-80.78851076288234,1,92.79178627692404,129.1106870033472,Atenção
23.396899814900063,-120.42489845180535,0,21.46966018600942,142.25580449886883,Normal
22.131815681212768,58.413011078054495,0,66.8672722380995,108.74158805041401,Atenção
22.50987138686866,76.97800467973664,1,53.95009794651564,75.64178372131735,Normal
21.527760552849102,59.491712620494866,1,30.615732629782876,50.26772688842896,Atenção
20.590222715378538,-40.7283469273019,1,37.356785964526885,97.56353938272838,Atenção
22.372093912285056,-58.3171115951657,1,93.75375782783372,127.35644968169193,Normal
23.539226136386176,94.8065382819145,0,8.26743042275715,127.82829804727203,Crítico
24.721079150103975,-82.95967013521856,1,9.57625829226929,84.30831184061331,Normal
24.241808679389273,-141.32714726280295,1,4.496949497585767,60.88548195650467,Normal
22.34843143677958,86.11872271215353,1,36.25215816727347,96.16756602012731,Atenção
20.28587791015134,-17.248651807651953,1,85.42399869957072,157.8479151165643,Normal
21.60790756616413,-6.484059910234436,0,60.77450128628522,75.54809263909829,Atenção
23.36901238927047,-99.27900524162436,0,85.33757592634214,102.30229266511284,Normal
21.934836319454185,24.822333278054884,1,67.25322914481507,138.66825079223202,Normal
20.140961907494383,-15.149027342256204,1,66.4907600444745,163.3497365910331,Normal
23.834688087307857,-106.06095250755476,1,53.189221738750234,59.122126678978915,Atenção
21.61732537772688,110.42622256011799,1,89.72797438334267,50.56062487452345,Normal
20.2673552176425,-112.50313420130496,1,79.33748487058384,51.47911910511442,Atenção
21.473902716550523,33.274037720656224,0,74.04733039746631,96.91059375231666,Normal
24.22825442909007,8.638665094911744,1,28.113745521886134,138.78871109515728,Normal
20.471517353778285,90.95174771523665,1,37.194821459592276,178.7533306709551,Normal
24.079119477066932,9.380141599054923,1,57.51409767177077,80.45154977068478,Normal
20.417536256198744,-50.409723976473174,1,61.66247006935942,171.88000156901836,Normal
23.888211981667137,-68.1532085642676,1,40.0222748318,167.8967232360954,Atenção
22.70678601261914,-129.15009640507,1,53.36962783737146,163.80332623218445,Normal
21.50871257612136,-46.23444179789402,0,98.3114563678233,121.35128846152051,Atenção
23.559520293616767,-108.26761759134095,1,55.48012401046245,102.64477338508297,Normal
22.381720304062725,-49.26385880788162,1,31.456139215926125,84.60503704247778,Crítico
22.368519687752222,-82.2304094337822,1,71.94429403417588,98.95709460504415,Normal
22.1844698125628,117.16864407938937,1,16.335278516077867,120.00239993416609,Normal
22.29139479130182,93.74054903398297,0,85.8907469198957,114.80015907659698,Normal
24.56326987913594,89.06570539728648,1,27.3754667067852,53.21644800621876,Atenção
20.45162934534763,76.78290441484143,1,3.0064032830985132,119.4247999318974,Atenção
21.858213944786954,70.5719300614428,1,64.44680117058213,143.6550360520051,Normal
23.163208734392317,111.99669513538208,0,77.49338820654998,176.79096407347663,Normal
23.33824994732124,-55.26508684659285,1,58.992471116951315,157.41845271849542,Normal
23.019899368918058,-58.567444987255,0,76.3834780093315,128.46479564386755,Normal
23.941046444644048,-47.29095838189221,1,74.20968598767918,133.9706782156474,Normal
24.704874814278703,-10.906577131414736,1,17.662003962435847,104.12470680589536,Normal
20.766310518070675,-52.165477127470695,1,12.692318172515549,165.38019371481107,Atenção
24.81817323360858,-34.34901424327677,1,80.99406700444794,122.12431651447358,Normal
21.526610867609175,57.47666397900883,1,31.45626955362203,97.34735349538374,Normal
24.444780926156803,118.59307434385556,1,40.89264252642531,145.68953131155627,Atenção
20.081955113949185,-44.101644866011185,1,9.511376493517531,74.96915252878449,Atenção
23.415501491852996,-18.48203771864678,1,52.45902335102459,133.97823716462506,Normal
21.71461372369864,-91.26193555536292,1,17.962990537223156,52.03516093859645,Atenção
20.0435645208525,12.632000498056101,1,10.147297642568843,161.39683001506236,Normal
21.739012135463184,-138.26694953402458,1,97.54354537305643,155.90656011405235,Normal
24.622477272039532,-20.523899363737,0,94.14854781386549,146.288402027334,Normal
20.119362250637266,14.702307890290626,1,16.11617701810396,110.43106337487208,Atenção
21.999542505308277,-33.23653787543465,1,70.75408057667113,159.77005995081925,Normal
22.302642740400042,4.1460213331614,0,98.79591315460844,179.3540753627837,Atenção
20.903424219988857,-103.24683904726439,1,89.57983372315155,135.87124949646454,Atenção
24.88433895612634,3.4088612688348405,1,10.870312072147904,58.419201244699025,Normal
21.61466560939926,-138.26718011545321,1,81.26939549137145,111.44954783065026,Atenção
22.889074477956612,109.05807391423741,0,44.70124609081457,72.16886917974142,Normal
20.984817719923925,-67.19083808274902,0,40.03191495240148,66.40219389287195,Normal
20.316931958278033,-66.79184342591418,1,77.84750957945222,51.157064820888365,Normal
24.52038361057241,-44.740147675533095,1,81.48901368664751,152.3804345434432,Atenção
20.597465419096103,51.042489780436284,1,54.31994706379398,100.88813218836583,Atenção
20.89277540069281,64.82393114014909,1,11.601879146174587,156.33665175863416,Normal
21.611596074258692,-58.01214155833989,1,95.31063061095485,100.32236147124077,Normal
24.797611492367277,33.82095577442075,1,9.065862603421893,133.2776304268893,Normal
22.385898297962612,-111.89844373574937,1,98.27316130614406,122.41962816579328,Atenção
21.018901007976766,79.86373784057338,1,43.3371313004161,161.2466746565888,Normal
24.236157254188782,-148.33592860402754,1,7.869720568412664,55.87582317330477,Normal
21.51654307516881,-128.53799680030255,1,73.01367660092444,107.65338451570553,Normal
24.288863626410958,-123.79675959518282,0,36.33171374327476,103.16157155195276,Atenção
24.87726109310377,-26.79711666560388,0,20.904038702409935,176.68626137226286,Atenção
21.421884254607637,-133.50133588648288,1,78.86645094682066,147.3845873746057,Atenção
23.714054799107373,14.30767551334094,1,4.897987647906355,120.69286568277386,Normal
21.756628633688468,-7.7621580010398645,1,43.36252445823243,173.39051040811555,Atenção
21.37698994892504,-131.73040984114772,1,19.27152613180285,88.0094442824131,Normal
20.979304195773103,-138.15624846343056,1,35.052167510886136,94.06361898435657,Atenção
20.92904988150782,9.502768693883468,1,5.508801385681461,144.25357625125582,Atenção
24.172196373723388,-52.96821039175772,0,33.497761254472415,129.60719666439252,Atenção
24.471925812145845,-104.19858200368805,0,14.871855215908747,58.335506190424454,Normal
22.98539588607683,-71.64098988143735,1,45.95799537207075,70.42071718414947,Atenção
20.832833624676095,-3.804199062294714,0,29.84950035400915,165.5167085665579,Normal
20.406154202537536,-32.72434554447672,0,61.64287044802476,147.12041647787044,Normal
21.001543508330048,-51.39753552667955,0,11.602159375891908,89.22723391383424,Normal
23.075660358566733,63.73235477782677,1,55.79975296848255,149.47713206786466,Normal
20.015478198340425,-110.06991743955115,0,27.168810222965778,103.9989329090783,Normal
24.78326050066351,-107.7663283563708,1,13.81981269056306,112.767886743666,Normal
22.556729766306976,111.30830751154878,1,84.0841815435441,131.8057205281574,Atenção
20.543545117075162,109.35341954527274,0,61.77266927096482,94.45093599596102,Atenção
24.327974662068026,-60.67535497404347,1,98.44574534181807,105.08406970214392,Crítico
21.105055184738518,-39.30393920308201,0,58.83513679192789,51.907853284364556,Normal
24.812039471772913,59.17335239324561,1,51.71209837372823,155.21186615909488,Normal
24.82473248149838,-16.822871247311667,1,30.358346883708307,103.50188985544898,Normal
20.056739701847707,23.899863569341136,0,80.91530240569715,83.68521789049271,Normal
22.896141549004074,-129.11344519508464,1,54.262177488823184,122.63753134171489,Normal
22.729117368299512,-51.59143480834416,1,44.641211707233886,55.566045776796905,Normal
20.424707769707712,-11.958217946362396,1,98.20267381811516,64.63037343828276,Normal
20.196658005981043,-66.17490858554125,1,84.49333749739766,140.35329665435404,Normal
22.65811958831303,45.39958635523956,0,61.2113315405533,113.13031760175159,Atenção
24.843344198603496,-100.66224334803502,0,96.29484796678129,128.45380790609607,Normal
23.179031650292828,-74.681373963627,1,80.54935519237144,165.0448024806062,Crítico
20.70559667993827,42.258010343470204,1,38.924960849870494,144.7683007336647,Atenção
23.101514166947386,-51.42544584179315,1,25.725641271434995,149.89699497471702,Normal
22.438433037869633,5.911385664489501,1,99.5599291962703,119.70599511560943,Normal
23.755850460750647,98.21025230165438,1,7.135808082538587,54.64086451684667,Normal
24.19695667312629,44.8207551899126,1,6.958023632290445,183.73069090166504,Atenção
22.808891448262255,-79.36585986447118,1,87.74605967084166,71.83797562934984,Normal
23.68677792481479,-4.941070569226696,0,22.02064886611993,98.11580517414419,Atenção
21.27908634706556,-31.24605665653918,1,61.23344487804013,145.33942501406068,Atenção
24.466326264179962,99.44705933432343,1,62.533046986974426,91.1831183517857,Atenção
23.193114892298283,-73.71198617904537,0,51.50132063887168,58.29871811591369,Atenção
24.724839898094647,1.0663738773383784,0,64.02078011842517,67.44551903250505,Normal
24.509948982540106,-78.94337972859181,1,42.16045320011529,57.82028305171988,Normal
21.44790801104042,73.0212602583938,1,50.049748758642956,135.4660246614086,Normal
20.42124008123168,-10.90767106456758,1,15.288439294391875,178.9762915780739,Normal
24.364988946714195,-137.26037870678394,1,57.606343818826076,143.5119348688528,Normal
21.82756754052025,56.98589116499187,0,87.66560339411703,152.6598025717759,Atenção
23.402685778545898,13.075023403470198,0,50.12493895023552,134.34097303221643,Normal
23.643558309014924,-95.4410800740376,1,67.9230249071664,71.22500354972419,Normal
22.769294434174373,21.47281244228958,1,52.04167167607162,175.42696265368875,Normal
23.791160963723975,10.73599891831185,0,7.138917139163525,121.0905147364273,Normal
20.321054005068934,-106.65987081678227,1,3.1112660214799637,129.83533614259912,Normal
24.404468204227925,-32.49141958218563,1,12.144894401490758,79.783116127282,Normal
23.59333456705279,46.75090931258546,0,86.05099704729203,63.09621966260794,Atenção
23.899729753585554,63.743527255042125,0,32.60628468521952,94.32495760520432,Normal
21.37203176859089,75.95944136175962,1,22.92447176805734,57.810986008168314,Normal
20.800570109755647,-124.82332724247347,1,98.76160805514382,71.26677094308852,Normal
24.648254064443478,77.38126365436838,1,78.60074826649908,143.2476011175458,Crítico
20.76201991266304,-53.74270477170049,1,94.43481944923407,106.72994994434615,Crítico
20.777359250156472,-115.20175389760604,1,55.96118878716375,54.49219004493016,Normal
22.571505945377623,1.9753630336799972,0,71.31041886695029,59.55222249471477,Normal
21.04811788819034,-9.52822716222056,0,94.49366127928769,122.26224514711141,Normal
23.959077965436148,-140.3399272103641,1,61.39726440585896,76.94433497555299,Normal
22.621149496682712,105.90951104129084,1,89.03355969539403,146.42061439953142,Normal
21.406836128716172,113.29615416224112,1,30.889468165723944,66.14580350820353,Normal
23.641331110275953,-121.34603327723502,1,82.907658661381,117.88940868084906,Atenção
23.232301495493846,96.88630475026076,0,81.69103564801236,71.49988102991166,Normal
20.22960771490284,116.6289137350978,1,94.84467409443569,130.44222302826665,Normal
22.818120155436247,52.412216124408246,0,16.946389394425644,110.57287360649778,Normal
21.295796608527723,105.05617865349285,1,42.88226829550301,52.77917236065343,Normal
21.87798164335257,-64.52572012262213,0,31.060142419365445,67.8717621399026,Atenção
22.711072593590266,74.09625362365063,1,24.690092288536036,183.66661129694347,Normal
23.530022503301353,2.3873309269543483,1,19.317302610879818,159.4911598995887,Normal
24.566306856053604,-42.7245171037667,1,40.3207350786878,92.59870559225553,Normal
20.2886414739954,-137.16906223957184,1,41.17355589477969,90.93366441175507,Atenção
23.42626483905657,-2.3714420969019443,1,78.33941303380622,87.37516110000719,Normal
24.881260776980643,-23.56248327256344,1,4.461931420295939,179.56479518948737,Normal
22.52842114906132,36.4321845629552,1,60.93901829880841,82.21584097967576,Normal
21.263153053351466,41.87631002626625,0,16.9926446098279,120.387366103819,Crítico
23.966236187968963,-13.767031923480715,1,74.98671154483272,168.0882890988631,Normal
24.03337638666634,-33.673811323505944,1,86.71833568261432,74.42306794161894,Normal
20.605360924232272,70.2347032017579,0,74.39662391147095,87.36469117357899,Crítico
22.895484309283297,-85.19488128024668,0,74.43790613623416,100.39318512482706,Normal
20.55562808410855,-93.8304296049012,1,48.839613091601365,123.76285952899543,Atenção
23.80639248092646,57.65941008591582,1,97.41212918093571,77.24032345779963,Normal
21.563210484858946,118.33847124401217,0,43.586257719951924,146.51097828263863,Atenção
21.003917337397453,-80.0675312690139,0,60.00111301348168,164.291744528106,Crítico
21.082895261695985,66.25127104348218,1,97.65676974660687,110.16801682431654,Normal
20.619193173973855,-149.02288318453208,1,31.547774806584783,114.16130357508389,Normal
21.926106301000452,5.8942917483597626,1,4.141771728504773,183.46178836048534,Normal
20.315638626388136,-67.76050962775568,1,67.05852230401526,169.21495414415915,Atenção
24.751147895780004,-14.75703034025787,1,39.30365446993633,168.49964449538683,Normal
24.88868328799346,53.413996462250395,0,73.45324021795005,68.86820266389141,Atenção
22.539678734806092,38.99183489384464,1,24.517009434585812,129.06438933380915,Normal
20.181150586458404,-17.175747711003396,1,92.87671676192076,95.8497592352459,Normal
22.28220830666266,-100.33880592393564,0,69.20757127252753,140.00417058850758,Atenção
22.41722381601611,52.34422767018572,1,18.9794469989935,104.39354209866912,Normal
20.73489959034817,-147.99799230227526,1,0.015979748028449592,174.57710502267946,Normal
22.76781444682851,62.649354256567364,0,22.882930626807674,126.36312054270108,Normal
20.37247079681955,78.2816542429965,1,32.85614477654122,103.49695872208565,Normal
21.882586751025357,-7.462690039517128,1,80.4501142290332,58.74189146332741,Atenção
22.51286972144344,18.74765900311806,1,91.45725668540578,127.0896536079787,Atenção
21.399053758690577,37.54914898029048,1,57.61653209203883,143.80688190276382,Normal
20.48439674414087,24.82240075404232,1,71.05654287473376,168.6351695604734,Atenção
21.93490440843931,-65.26083546323085,1,56.70123440605798,111.62443031507351,Normal
23.5392014066479,38.19377150175862,1,17.97409524361764,82.08853143116633,Atenção
22.25859830584654,31.397253717173754,1,39.37800337487181,71.69133948134699,Normal
23.07720801820175,-98.99312610926842,1,12.45895819851659,110.7326521459146,Normal
22.70165326076638,67.85358109965463,1,12.099786067968644,163.1961221311331,Normal
23.931563881724767,-144.20721008973914,0,37.50420071127748,131.7645184584736,Normal
20.961195903223604,43.35544812326674,0,32.3851228314375,167.8867238461982,Normal
24.240199877048138,59.87537816144703,0,48.568199733074444,125.64845493612438,Atenção
23.71987191969766,-99.77199137734215,1,23.838915491446734,111.47119954683424,Normal
23.818362972436045,-45.92334162331716,1,15.094224914115106,163.63928320610324,Normal
23.9925305805203,57.92838095856854,1,27.285356977821053,75.29881433099646,Normal
21.545687302386984,1.658354668072917,1,81.06046104402887,89.93836609015878,Normal
21.821913920559542,-87.07332751671422,1,26.480538981064473,106.34203862447649,Normal
24.35009765409857,-41.75057270348378,1,86.84654192154542,75.71393329036776,Atenção
21.77548832506829,-8.40266463533169,1,77.52007504608865,59.21969898256721,Normal
23.14623077660363,-1.1581830933628225,0,33.78315179721832,130.61415485514425,Normal
24.142556220287226,-52.82334611901648,1,99.61778056804324,160.434078739977,Normal
20.502505439794117,-64.28644612845122,1,94.00033466168162,73.29563816679888,Normal
20.599969413855618,-148.58869166351508,0,93.17435410573405,98.58839981424128,Normal
21.6358708991194,65.00334138299667,1,43.29310915193404,62.01780879461624,Normal
21.943126696056943,-136.71540975075393,1,30.5287776196141,111.08506373666701,Crítico
